experiment_variant,ticket_count,avg_resolution_time_hours,avg_csat,escalation_rate,churn_risk_ticket_rate
guided_onboarding,2457,18.539088319088318,3.1756288156288157,0.21774521774521774,0.12901912901912901
ai_triage,2057,18.312795333009237,3.1668011667476907,0.19834710743801653,0.1317452600875061
control,2634,18.55591495823842,3.1271146545178437,0.20387243735763097,0.12452543659832954
